Workbook

Sheet CENTRAL DE LEADS
A1: CENTRAL DE LEADS — WILLIAN MOITINHO NUTRICIONISTA
A2: ✏️ Preencha apenas as colunas AMARELAS (Respondeu?, PUV?, Agendou?, Comprou?, Tipo e Valor). As demais chegam automáticas da página.
A3: 🟢 VERDE = Preenchido automático pela página | F3: 🟡 AMARELO = Nutri/Secretária preenche | L3: ⬜ BRANCO = Calculado automaticamente pela planilha
A4: # | B4: DATA DE ENTRADA | C4: NOME COMPLETO | D4: TELEFONE WHATSAPP | E4: OBJETIVO | F4: RESPONDEU PRIMEIRA MSG? | G4: RECEBEU PUV? | H4: AGENDOU CONSULTA? | I4: COMPROU? | J4: TIPO (Avulsa/PN) | K4: VALOR (R$) | L4: ORIGEM | M4: UTM SOURCE | N4: UTM MEDIUM | O4: UTM CAMPAIGN | P4: UTM CONTENT | Q4: STATUS GERAL
A5: 1 | B5: 46182 | C5: Ana Paula Souza | D5: (43) 99999-0001 | E5: Emagrecer e perder peso | F5: NÃO | G5: NÃO | H5: NÃO | I5: NÃO | L5: ADS | M5: meta | N5: cpc | O5: [WM] [LEADS] Emagrecimento | P5: IG Feed Mulheres 25-45 | Q5: =IF(C5="","",IF(I5="SIM","Cliente 💰",IF(H5="SIM","Agendado 📅",IF(G5="SIM","Recebeu PUV",IF(F5="SIM","Em conversa","Novo Lead"))))) -> Novo Lead
A6: 2 | B6: 46182 | C6: Bruno Carvalho | D6: (43) 99999-0002 | E6: Ganhar massa muscular | F6: NÃO | G6: NÃO | H6: NÃO | I6: NÃO | L6: BIO | M6: instagram | N6: bio | O6: lipedema | P6: link-bio | Q6: =IF(C6="","",IF(I6="SIM","Cliente 💰",IF(H6="SIM","Agendado 📅",IF(G6="SIM","Recebeu PUV",IF(F6="SIM","Em conversa","Novo Lead"))))) -> Novo Lead
A7: 3 | B7: 46183 | C7: Carla Menezes | D7: (43) 99999-0003 | E7: Definição corporal | F7: NÃO | G7: NÃO | H7: NÃO | I7: NÃO | L7: ADS | M7: meta | N7: cpc | O7: [WM] [LEADS] Definição | P7: IG Stories | Q7: =IF(C7="","",IF(I7="SIM","Cliente 💰",IF(H7="SIM","Agendado 📅",IF(G7="SIM","Recebeu PUV",IF(F7="SIM","Em conversa","Novo Lead"))))) -> Novo Lead
A8: 4 | B8: 46183 | C8: Diego Alves | D8: (43) 99999-0004 | E8: Mais energia e performance | F8: NÃO | G8: NÃO | H8: NÃO | I8: NÃO | L8: DIRETO | Q8: =IF(C8="","",IF(I8="SIM","Cliente 💰",IF(H8="SIM","Agendado 📅",IF(G8="SIM","Recebeu PUV",IF(F8="SIM","Em conversa","Novo Lead"))))) -> Novo Lead

Sheet VISÃO MACRO
A1: VISÃO MACRO — PERFORMANCE CONSOLIDADA
A2: 🖊️ Preencha Investimento Total e CPL Meta na tabela abaixo. Os demais dados vêm da aba CENTRAL DE LEADS.
A4: 📌 INDICADORES GERAIS
A5: INDICADOR | B5: VALOR
A6: Total de Leads | B6: =COUNTA('CENTRAL DE LEADS'!$C$5:$C$1000) -> 4
A7: Leads que Responderam | B7: =COUNTIF('CENTRAL DE LEADS'!$F$5:$F$1000,"SIM") -> 0
A8: Leads que Receberam PUV | B8: =COUNTIF('CENTRAL DE LEADS'!$G$5:$G$1000,"SIM") -> 0
A9: Leads que Agendaram | B9: =COUNTIF('CENTRAL DE LEADS'!$H$5:$H$1000,"SIM") -> 0
A10: Leads Convertidos (Compra) | B10: =COUNTIF('CENTRAL DE LEADS'!$I$5:$I$1000,"SIM") -> 0
A11: Taxa de Resposta | B11: =IFERROR(B7/B6,0) -> 0
A12: Taxa de Conversão (Leads→Venda) | B12: =IFERROR(B10/B6,0) -> 0
A13: Taxa de Conversão (Agend→Venda) | B13: =IFERROR(B10/B9,0) -> 0
A14: Faturamento Total | B14: =SUMIFS('CENTRAL DE LEADS'!$K$5:$K$1000,'CENTRAL DE LEADS'!$I$5:$I$1000,"SIM") -> 0
A15: Investimento Total (R$) 🟡 | B15: 0
A16: CPL Meta (R$) 🟡 | B16: 0
A17: Custo por Lead (CPL Real) | B17: =IFERROR(B15/B6,0) -> 0
A18: Custo por Lead Qualificado | B18: =IFERROR(B15/B7,0) -> 0
A19: Custo por Venda | B19: =IFERROR(B15/B10,0) -> 0
A20: ROAS | B20: =IFERROR(B14/B15,0) -> 0
A22: 📍 LEADS POR ORIGEM
A23: ORIGEM | B23: TOTAL LEADS | C23: CONVERTIDOS | D23: FATURAMENTO | E23: TX CONVERSÃO | F23: CUSTO POR VENDA
A24: BIO | B24: =COUNTIF('CENTRAL DE LEADS'!$L$5:$L$1000,A24) -> 1 | C24: =COUNTIFS('CENTRAL DE LEADS'!$L$5:$L$1000,A24,'CENTRAL DE LEADS'!$I$5:$I$1000,"SIM") -> 0 | D24: =SUMIFS('CENTRAL DE LEADS'!$K$5:$K$1000,'CENTRAL DE LEADS'!$L$5:$L$1000,A24,'CENTRAL DE LEADS'!$I$5:$I$1000,"SIM") -> 0 | E24: =IFERROR(C24/B24,0) -> 0 | F24: =IFERROR($B$15*B24/$B$6/C24,0) -> 0
A25: ADS | B25: =COUNTIF('CENTRAL DE LEADS'!$L$5:$L$1000,A25) -> 2 | C25: =COUNTIFS('CENTRAL DE LEADS'!$L$5:$L$1000,A25,'CENTRAL DE LEADS'!$I$5:$I$1000,"SIM") -> 0 | D25: =SUMIFS('CENTRAL DE LEADS'!$K$5:$K$1000,'CENTRAL DE LEADS'!$L$5:$L$1000,A25,'CENTRAL DE LEADS'!$I$5:$I$1000,"SIM") -> 0 | E25: =IFERROR(C25/B25,0) -> 0 | F25: =IFERROR($B$15*B25/$B$6/C25,0) -> 0
A26: GOOGLE | B26: =COUNTIF('CENTRAL DE LEADS'!$L$5:$L$1000,A26) -> 0 | C26: =COUNTIFS('CENTRAL DE LEADS'!$L$5:$L$1000,A26,'CENTRAL DE LEADS'!$I$5:$I$1000,"SIM") -> 0 | D26: =SUMIFS('CENTRAL DE LEADS'!$K$5:$K$1000,'CENTRAL DE LEADS'!$L$5:$L$1000,A26,'CENTRAL DE LEADS'!$I$5:$I$1000,"SIM") -> 0 | E26: =IFERROR(C26/B26,0) -> 0 | F26: =IFERROR($B$15*B26/$B$6/C26,0) -> 0
A27: DIRETO | B27: =COUNTIF('CENTRAL DE LEADS'!$L$5:$L$1000,A27) -> 1 | C27: =COUNTIFS('CENTRAL DE LEADS'!$L$5:$L$1000,A27,'CENTRAL DE LEADS'!$I$5:$I$1000,"SIM") -> 0 | D27: =SUMIFS('CENTRAL DE LEADS'!$K$5:$K$1000,'CENTRAL DE LEADS'!$L$5:$L$1000,A27,'CENTRAL DE LEADS'!$I$5:$I$1000,"SIM") -> 0 | E27: =IFERROR(C27/B27,0) -> 0 | F27: =IFERROR($B$15*B27/$B$6/C27,0) -> 0
A28: INDICAÇÃO | B28: =COUNTIF('CENTRAL DE LEADS'!$L$5:$L$1000,A28) -> 0 | C28: =COUNTIFS('CENTRAL DE LEADS'!$L$5:$L$1000,A28,'CENTRAL DE LEADS'!$I$5:$I$1000,"SIM") -> 0 | D28: =SUMIFS('CENTRAL DE LEADS'!$K$5:$K$1000,'CENTRAL DE LEADS'!$L$5:$L$1000,A28,'CENTRAL DE LEADS'!$I$5:$I$1000,"SIM") -> 0 | E28: =IFERROR(C28/B28,0) -> 0 | F28: =IFERROR($B$15*B28/$B$6/C28,0) -> 0
